Model Name,Architecture,Number of Epochs,Training Accuracy,Validation Accuracy,Training Loss,Validation Loss
model_1,"Dense_1, Flatten",18,0.893583357334137,0.8622000217437744,0.29146426916122437,0.41518744826316833
model_2,"Dense_1, Conv2D, MaxPooling2D, Flatten",18,0.09730000048875809,0.10000000149011612,2.3027775287628174,2.302623748779297
